setting,signal,target_B,tau,realized_B,abs_err,err_mean,err_median,err_p95,f1,harm_rate
in-domain,max_score,0.1,15.61512017597174,0.21092518057820986,0.11092518057820985,0.11469411428561008,0.10995174677400815,0.22646057731930685,0.1535691146023627,0.0
in-domain,unc0,0.1,0.8192926049232483,0.059333379419837164,0.04066662058016284,0.04088194407139442,0.0409844861273454,0.045638397574474035,0.1045319693094629,0.0
in-domain,uncertainty_uncalibrated,0.1,0.22581645608182188,0.362783268003245,0.26278326800324503,,,,0.13962169004624247,0.04
in-domain,max_score,0.2,10.553430375607011,0.5469270015717427,0.34692700157174267,0.3480523874584853,0.34701467155407834,0.4991039968620637,0.19796959687396032,0.08
in-domain,unc0,0.2,0.38261568305932253,0.2118438488722775,0.01184384887227749,0.05572603291572855,0.04888413545918287,0.14053860678934085,0.11653196930946294,0.04
in-domain,uncertainty_uncalibrated,0.2,0.22581645608182188,0.362783268003245,0.162783268003245,,,,0.13962169004624247,0.04
in-domain,max_score,0.3,9.930037491567344,0.5469270015717427,0.2469270015717427,0.24845238745848536,0.24701467155407836,0.3991039968620637,0.19796959687396032,0.08
in-domain,unc0,0.3,0.2982135247439146,0.28789525905077257,0.012104740949227422,0.0645504208037101,0.053483190712467876,0.1576087758901131,0.12851057893513138,0.04
in-domain,uncertainty_uncalibrated,0.3,0.22581645608182188,0.362783268003245,0.06278326800324502,,,,0.13962169004624247,0.04
in-domain,max_score,0.5,8.369696234978047,0.5837820384267794,0.08378203842677945,0.10541154162152123,0.08453890927249408,0.236042218419058,0.2041234430278065,0.08
in-domain,unc0,0.5,0.22847917887291724,0.362783268003245,0.137216731996755,0.13056754335561044,0.13542357293015309,0.2528891134340705,0.13962169004624247,0.04
in-domain,uncertainty_uncalibrated,0.5,0.22581645608182188,0.362783268003245,0.137216731996755,,,,0.13962169004624247,0.04
in-domain,max_score,0.75,5.599619451146967,0.8875264348677453,0.1375264348677453,0.14564631331035285,0.13888070309892586,0.25,0.20046806572537038,0.16
in-domain,unc0,0.75,0.15358364968661653,0.5504002529983216,0.19959974700167837,0.19054676348688376,0.19858395642782417,0.3486674778335359,0.16292472631091556,0.08
in-domain,uncertainty_uncalibrated,0.75,0.22581645608182188,0.362783268003245,0.387216731996755,,,,0.13962169004624247,0.04
in-domain,max_score,1.0,3.9645877506164435,0.9256153969764768,0.07438460302352323,0.06751559351784323,0.07346938775510214,0.14968442131546733,0.20380139905870368,0.16
in-domain,unc0,1.0,0.03958288596682355,0.9237531458364667,0.07624685416353327,0.07731358500025064,0.07624685416353327,0.15267498872010832,0.2273803464271248,0.12
in-domain,uncertainty_uncalibrated,1.0,0.22581645608182188,0.362783268003245,0.637216731996755,,,,0.13962169004624247,0.04
transfer bridge->comparison,max_score,0.1,21.441551532446535,0.06220254166785999,0.037797458332140016,,,,0.2617283950617284,0.0
transfer bridge->comparison,unc0,0.1,0.8158218461321667,0.06220254166785999,0.037797458332140016,,,,0.2617283950617284,0.0
transfer bridge->comparison,max_score,0.2,14.284857266227853,0.06220254166785999,0.13779745833214002,,,,0.2617283950617284,0.0
transfer bridge->comparison,unc0,0.2,0.5016503838513537,0.06220254166785999,0.13779745833214002,,,,0.2617283950617284,0.0
transfer bridge->comparison,max_score,0.3,13.288554148229736,0.06220254166785999,0.23779745833214,,,,0.2617283950617284,0.0
transfer bridge->comparison,unc0,0.3,0.3119989636379614,0.06220254166785999,0.23779745833214,,,,0.2617283950617284,0.0
transfer bridge->comparison,max_score,0.5,9.804554681430254,0.16784917190465415,0.33215082809534585,,,,0.2851202079272255,0.0
transfer bridge->comparison,unc0,0.5,0.23485147399063067,0.06220254166785999,0.43779745833214,,,,0.2617283950617284,0.0
transfer bridge->comparison,max_score,0.75,6.932605178631164,0.273999358788786,0.476000641211214,,,,0.2184535412605588,0.1111111111111111
transfer bridge->comparison,unc0,0.75,0.14575229518088514,0.26714706510304354,0.48285293489695646,,,,0.2586094866796621,0.1111111111111111
transfer bridge->comparison,max_score,1.0,3.745294499120992,0.8979591836734693,0.10204081632653073,,,,0.14830968252020885,0.4444444444444444
transfer bridge->comparison,unc0,1.0,0.03958288596682355,0.788203182879074,0.21179681712092602,,,,0.19158453632137842,0.3333333333333333
transfer comparison->bridge,max_score,0.1,inf,0.060875476020733385,0.03912452397926662,,,,0.08519604377629454,0.0
transfer comparison->bridge,unc0,0.1,inf,0.060875476020733385,0.03912452397926662,,,,0.08519604377629454,0.0
transfer comparison->bridge,max_score,0.2,10.880153211699168,0.4043860090988033,0.20438600909880328,,,,0.12232384304820572,0.07317073170731707
transfer comparison->bridge,unc0,0.2,0.22847917887291724,0.49890596889711614,0.2989059688971161,,,,0.14510070903057848,0.04878048780487805
transfer comparison->bridge,max_score,0.3,8.118044281563973,0.656959198270349,0.356959198270349,,,,0.15927864129349706,0.0975609756097561
transfer comparison->bridge,unc0,0.3,0.22335813494873,0.521914098978417,0.22191409897841702,,,,0.14510070903057848,0.04878048780487805
transfer comparison->bridge,max_score,0.5,5.599619451146967,0.8852093296563444,0.38520932965634436,,,,0.20333286624328945,0.12195121951219512
transfer comparison->bridge,unc0,0.5,0.0926248880292116,0.8628696079531645,0.3628696079531645,,,,0.23472276494988378,0.12195121951219512
transfer comparison->bridge,max_score,0.75,5.067325203864618,0.9539607833681462,0.20396078336814616,,,,0.21044668738150085,0.12195121951219512
transfer comparison->bridge,unc0,0.75,0.0686665704401932,0.8861137916978641,0.13611379169786408,,,,0.23704564532154468,0.12195121951219512
transfer comparison->bridge,max_score,1.0,1.881637003724625,1.0,0.0,,,,0.21301408147649442,0.14634146341463414
transfer comparison->bridge,unc0,1.0,8.470436159768724e-05,1.0,0.0,,,,0.21301408147649442,0.14634146341463414
