label,sweep,realized_budget,f1,em,harm,harm_rate,mean_k
fixed-k=0,0.0,0.059333379419837164,0.1045319693094629,0.04,0.0,0.0,0.0
fixed-k=1,1.0,0.13427184152116547,0.18231541145473035,0.08,0.024609263995453254,0.12,1.0
fixed-k=3,3.0,0.33153033754299555,0.24302965137054733,0.12,0.04912201963534362,0.12,3.0
fixed-k=5,5.0,0.5144585834789965,0.23915078513873994,0.12,0.04912201963534362,0.12,5.0
fixed-k=10,10.0,1.0,0.21180139905870368,0.04,0.0538279019882848,0.16,10.0
similarity-gate,1.881637003724625,1.0,0.21180139905870368,0.04,0.0538279019882848,0.16,10.0
similarity-gate,5.135155488910664,0.9256153969764768,0.20380139905870368,0.04,0.0538279019882848,0.16,9.2
similarity-gate,5.599094152259088,0.8875264348677453,0.20046806572537038,0.04,0.0538279019882848,0.16,8.8
similarity-gate,6.238125115242178,0.8121438742013202,0.1851953384526431,0.04,0.0538279019882848,0.16,8.0
similarity-gate,7.463378279256626,0.7365301333597309,0.18075089400819866,0.04,0.0538279019882848,0.16,7.2
similarity-gate,8.422476908718767,0.5837820384267794,0.2041234430278065,0.08,0.02512201963534362,0.08,5.6
similarity-gate,9.736318367264552,0.5469270015717427,0.19796959687396032,0.08,0.02512201963534362,0.08,5.2
similarity-gate,11.199564783313567,0.5088942146864968,0.18954854424238138,0.08,0.02512201963534362,0.08,4.8
similarity-gate,12.754038355260713,0.3229403781773593,0.15911376163368574,0.04,0.0011220196353436186,0.04,2.8
similarity-gate,14.417883557202243,0.21092518057820986,0.1535691146023627,0.04,0.0,0.0,1.6
similarity-gate,26.38266293265764,0.0965112935302666,0.1130537084398977,0.04,0.0,0.0,0.4
uncertainty-gate,8.470436159768724e-05,1.0,0.21180139905870368,0.04,0.0538279019882848,0.16,10.0
uncertainty-gate,0.057425505810574796,0.8863820118158482,0.2273803464271248,0.08,0.029827901988284798,0.12,8.8
uncertainty-gate,0.0797705799513851,0.7732596416851542,0.2240470130937914,0.08,0.029827901988284798,0.12,7.6
uncertainty-gate,0.13071901816409082,0.6242608018062389,0.17223748928426763,0.04,0.029827901988284798,0.12,6.0
uncertainty-gate,0.15629546592834906,0.5504002529983216,0.16292472631091556,0.04,0.028705882352941182,0.08,5.2
uncertainty-gate,0.19572265446835696,0.3996383048582819,0.14577553620008865,0.04,0.024000000000000004,0.04,3.6
uncertainty-gate,0.22688154519826004,0.362783268003245,0.13962169004624247,0.04,0.024000000000000004,0.04,3.2
uncertainty-gate,0.2581490490531631,0.28789525905077257,0.12851057893513138,0.04,0.024000000000000004,0.04,2.4
uncertainty-gate,0.3059494053053641,0.2501263347479837,0.1212378516624041,0.04,0.024000000000000004,0.04,2.0
uncertainty-gate,0.5018852037223994,0.2118438488722775,0.11653196930946294,0.04,0.024000000000000004,0.04,1.6
uncertainty-gate,0.8192926049232483,0.059333379419837164,0.1045319693094629,0.04,0.0,0.0,0.0
CHAB-lite,0.0,0.33884170615453507,0.2151782613521744,0.12,0.024609263995453254,0.12,3.04
CHAB-lite,0.2,0.22992045270482617,0.21247650696620948,0.12,0.024609263995453254,0.12,2.04
CHAB-lite,0.4,0.1978594192818854,0.21247650696620948,0.12,0.024609263995453254,0.12,1.72
CHAB-lite,0.6000000000000001,0.1776736730171137,0.20511864743443692,0.12,0.024609263995453254,0.12,1.56
CHAB-lite,0.8,0.16092135045728762,0.20911864743443695,0.12,0.024609263995453254,0.12,1.4
CHAB-lite,1.0,0.15092678950386607,0.20662310376242268,0.12,0.024609263995453254,0.12,1.24
CHAB-lite,1.2000000000000002,0.1398213193928711,0.19031541145473035,0.12,0.024609263995453254,0.12,1.08
CHAB-lite,1.4000000000000001,0.1398213193928711,0.19031541145473035,0.12,0.024609263995453254,0.12,1.08
CHAB-lite,1.6,0.1398213193928711,0.19031541145473035,0.12,0.024609263995453254,0.12,1.08
CHAB-lite,1.8,0.1398213193928711,0.19031541145473035,0.12,0.024609263995453254,0.12,1.08
CHAB-lite,2.0,0.13427184152116547,0.18231541145473035,0.08,0.024609263995453254,0.12,1.0
