target_B,policy,realized_B,F1,EM,harm_rate,mean_k
0.3,fixed-k,0.134,0.182,0.08,0.12,1.0
0.3,similarity-gate,0.211,0.154,0.04,0.0,1.6
0.3,uncertainty-gate,0.288,0.129,0.04,0.04,2.4
0.3,CHAB-lite,0.23,0.212,0.12,0.12,2.04
0.5,fixed-k,0.332,0.243,0.12,0.12,3.0
0.5,similarity-gate,0.323,0.159,0.04,0.04,2.8
0.5,uncertainty-gate,0.4,0.146,0.04,0.04,3.6
0.5,CHAB-lite,0.339,0.215,0.12,0.12,3.04
1.0,fixed-k,0.332,0.243,0.12,0.12,3.0
1.0,similarity-gate,1.0,0.212,0.04,0.16,10.0
1.0,uncertainty-gate,0.886,0.227,0.08,0.12,8.8
1.0,CHAB-lite,0.339,0.215,0.12,0.12,3.04
