qid,H,CSL,MS,n_images,RC,HxCSL,question_words,T->T,T->I,I->T,I->I,top_score,margin,gold_rank
q000,1,3.321928094887362,0,1,0.0,3.321928094887362,18,0,0,0,0,9.503391714742008,0.6719868836478273,5.0
q001,3,5.0,1,2,0.0,15.0,18,0,1,0,1,9.054291551780803,0.8361697673686947,1.0
q002,1,0.0,0,0,0.0,0.0,18,0,0,0,0,10.752803013368727,5.700350688985783,1.0
q003,3,6.643856189774724,0,0,0.0,19.931568569324174,18,2,0,0,0,10.692794170226605,5.716353637759402,1.0
q004,3,7.643856189774724,0,3,0.0,22.931568569324174,18,0,0,0,2,8.032930281969271,0.0,7.0
q005,3,4.0,2,1,0.0,12.0,18,0,1,1,0,8.631992763768046,0.0,1.0
q006,2,1.0,1,1,0.0,2.0,18,0,0,1,0,9.125644178308995,4.626770984545347,1.0
q007,1,2.0,0,0,0.0,2.0,18,0,0,0,0,9.871269274160564,0.0,1.0
q008,3,5.321928094887362,1,1,0.0,15.965784284662085,18,1,1,0,0,9.220129211790365,0.5201878724976812,1.0
q009,2,2.0,0,0,0.0,4.0,18,1,0,0,0,9.063277605992987,0.0,1.0
q010,2,1.0,1,1,0.0,2.0,18,0,0,1,0,8.434434459454412,0.0,2.0
q011,1,3.321928094887362,0,1,0.0,3.321928094887362,18,0,0,0,0,8.539591493695724,0.0,8.0
q012,2,6.643856189774724,1,1,0.0,13.287712379549449,18,0,1,0,0,7.956671779413589,0.0,5.0
q013,3,6.321928094887362,0,3,0.0,18.965784284662085,18,0,0,0,2,8.727155053139883,0.0,1.0
q014,2,2.0,0,0,0.0,4.0,18,1,0,0,0,9.110471669970089,2.8971761648802996,1.0
q015,1,0.0,0,1,0.0,0.0,18,0,0,0,0,9.274160235141357,4.309401374386805,1.0
q016,3,6.643856189774724,2,1,0.0,19.931568569324174,18,0,1,1,0,8.595779788769644,0.0,2.0
q017,3,6.643856189774724,0,3,0.0,19.931568569324174,18,0,0,0,2,9.125644178308995,3.9685491242554107,1.0
q018,1,1.0,0,1,0.0,1.0,18,0,0,0,0,10.282628953692116,1.5277859886366247,2.0
q019,2,3.321928094887362,0,2,0.0,6.643856189774724,18,0,0,0,1,8.578638996307522,2.3653434912177325,1.0
q020,3,2.0,1,2,0.0,6.0,18,0,1,0,1,9.687759300177408,4.635306975794465,1.0
q021,1,0.0,0,1,0.0,0.0,18,0,0,0,0,9.246946521294158,3.9059853621612746,1.0
q022,2,0.0,1,1,0.0,0.0,18,0,0,1,0,9.246946521294158,3.9620909873921653,1.0
q023,3,3.0,1,1,0.0,9.0,18,1,0,1,0,9.246946521294158,4.540289843054747,1.0
q024,1,2.0,0,1,0.0,2.0,18,0,0,0,0,9.728709108663619,0.0,3.0
q025,1,3.321928094887362,0,0,0.0,3.321928094887362,18,0,0,0,0,9.39288259089472,0.6377735040815047,5.0
q026,2,2.0,0,0,0.0,4.0,18,1,0,0,0,8.586374027390672,0.0,1.0
q027,3,8.643856189774723,0,0,0.0,25.93156856932417,18,2,0,0,0,7.9829216860157235,0.0,6.0
q028,1,0.0,0,0,0.0,0.0,18,0,0,0,0,10.72909462807983,6.119947668322829,1.0
q029,2,6.643856189774724,1,1,0.0,13.287712379549449,18,0,1,0,0,8.076956114454742,0.0,1.0
q030,2,3.321928094887362,1,1,0.0,6.643856189774724,18,0,1,0,0,7.725984828527082,0.0,1.0
q031,2,1.0,0,2,0.0,2.0,18,0,0,0,1,8.578638996307522,0.0,2.0
q032,2,3.0,0,2,0.0,6.0,18,0,0,0,1,9.24442141181009,0.0,4.0
q033,1,3.321928094887362,0,0,0.0,3.321928094887362,18,0,0,0,0,8.787024720814301,0.0,7.0
q034,2,5.321928094887362,1,1,0.0,10.643856189774723,18,0,0,1,0,9.547709743871803,0.6603451185769753,4.0
q035,3,3.0,1,1,0.0,9.0,18,1,1,0,0,9.195642042083955,0.0,2.0
q036,1,2.0,0,1,0.0,2.0,18,0,0,0,0,9.741235363645588,0.0,4.0
q037,2,3.0,1,1,0.0,6.0,18,0,0,1,0,8.863049849903161,0.7658448184734397,2.0
q038,1,2.0,0,0,0.0,2.0,18,0,0,0,0,9.673067878477319,0.0,3.0
q039,1,0.0,0,0,0.0,0.0,18,0,0,0,0,11.795720236030771,6.285311993480202,1.0
q040,1,0.0,0,0,0.0,0.0,18,0,0,0,0,10.857445743039369,5.700350688985784,1.0
q041,2,0.0,1,1,0.0,0.0,18,0,1,0,0,9.803167493898227,4.5467199547450585,1.0
q042,2,2.0,1,1,0.0,4.0,18,0,0,1,0,8.811730993082886,0.0,2.0
q043,2,5.321928094887362,1,1,0.0,10.643856189774723,18,0,1,0,0,9.59358218927201,0.64331755199448,4.0
q044,1,2.0,0,0,0.0,2.0,18,0,0,0,0,10.629040865132243,0.3716256960561761,1.0
q045,1,1.0,0,1,0.0,1.0,18,0,0,0,0,8.62094486625886,0.0,1.0
q046,2,0.0,1,1,0.0,0.0,18,0,1,0,0,9.666399183211706,5.057252223454705,1.0
q047,2,1.0,1,1,0.0,2.0,18,0,1,0,0,9.28303891058734,2.369868867351385,1.0
q048,2,4.321928094887362,0,2,0.0,8.643856189774723,18,0,0,0,1,9.278204412333324,0.0,2.0
q049,2,4.0,0,2,0.0,8.0,18,0,0,0,1,8.12489294334533,0.0,1.0
q050,1,0.0,0,1,0.0,0.0,18,0,0,0,0,8.434434459454412,2.2211389543646227,1.0
q051,1,2.0,0,1,0.0,2.0,18,0,0,0,0,10.059667641715047,2.204940978384357,2.0
q052,2,6.643856189774724,0,2,0.0,13.287712379549449,18,0,0,0,1,7.887932976582092,0.0,9.0
q053,3,2.0,1,1,0.0,6.0,18,1,1,0,0,9.408547691088218,0.0,2.0
q054,1,3.321928094887362,0,1,0.0,3.321928094887362,18,0,0,0,0,9.63766295983506,0.6377735040815047,6.0
q055,2,6.643856189774724,1,1,0.0,13.287712379549449,18,0,0,1,0,8.580974318653336,0.6743013220125524,9.0
q056,2,6.643856189774724,1,1,0.0,13.287712379549449,18,0,1,0,0,8.8800424919606,0.0,6.0
q057,2,2.0,0,2,0.0,4.0,18,0,0,0,1,9.357710500966784,0.7367656347079237,2.0
q058,3,6.321928094887362,0,0,0.0,18.965784284662085,18,2,0,0,0,8.249767002433519,0.0,1.0
q059,3,2.0,0,3,0.0,6.0,18,0,0,0,2,9.47378121955883,1.10714337831436,2.0
