qid,H,product,measured,lower,upper
q000,1,0.2744186046511628,0.0,0.27441860465116275,0.2744186046511628
q001,3,0.017359179271631227,0.15384615384615385,0.0,0.2413793103448276
q002,1,0.2744186046511628,0.5384615384615384,0.27441860465116275,0.2744186046511628
q003,3,0.017359179271631227,0.0,0.0,0.2413793103448276
q004,3,0.017359179271631227,0.3076923076923077,0.0,0.2413793103448276
q005,3,0.017359179271631227,0.0,0.0,0.2413793103448276
q006,2,0.07191659983961508,0.0,0.0,0.2620689655172414
q007,1,0.2744186046511628,0.0,0.27441860465116275,0.2744186046511628
q008,3,0.017359179271631227,0.07692307692307693,0.0,0.2413793103448276
q009,2,0.07191659983961508,1.0,0.0,0.2620689655172414
q010,2,0.07191659983961508,0.5384615384615384,0.0,0.2620689655172414
q011,1,0.2744186046511628,0.0,0.27441860465116275,0.2744186046511628
q012,2,0.07191659983961508,0.0,0.0,0.2620689655172414
q013,3,0.017359179271631227,0.0,0.0,0.2413793103448276
q014,2,0.07191659983961508,0.15384615384615385,0.0,0.2620689655172414
q015,1,0.2744186046511628,0.38461538461538464,0.27441860465116275,0.2744186046511628
q016,3,0.017359179271631227,0.5384615384615384,0.0,0.2413793103448276
q017,3,0.017359179271631227,0.0,0.0,0.2413793103448276
q018,1,0.2744186046511628,0.38461538461538464,0.27441860465116275,0.2744186046511628
q019,2,0.07191659983961508,0.0,0.0,0.2620689655172414
q020,3,0.017359179271631227,0.3076923076923077,0.0,0.2413793103448276
q021,1,0.2744186046511628,0.23076923076923078,0.27441860465116275,0.2744186046511628
q022,2,0.07191659983961508,0.5384615384615384,0.0,0.2620689655172414
q023,3,0.017359179271631227,0.6923076923076923,0.0,0.2413793103448276
q024,1,0.2744186046511628,0.0,0.27441860465116275,0.2744186046511628
q025,1,0.2744186046511628,0.0,0.27441860465116275,0.2744186046511628
q026,2,0.07191659983961508,1.0,0.0,0.2620689655172414
q027,3,0.017359179271631227,0.0,0.0,0.2413793103448276
q028,1,0.2744186046511628,1.0,0.27441860465116275,0.2744186046511628
q029,2,0.07191659983961508,0.0,0.0,0.2620689655172414
q030,2,0.07191659983961508,0.6666666666666666,0.0,0.2620689655172414
q031,2,0.07191659983961508,1.0,0.0,0.2620689655172414
q032,2,0.07191659983961508,0.0,0.0,0.2620689655172414
q033,1,0.2744186046511628,0.3333333333333333,0.27441860465116275,0.2744186046511628
q034,2,0.07191659983961508,0.0,0.0,0.2620689655172414
q035,3,0.017359179271631227,0.3333333333333333,0.0,0.2413793103448276
q036,1,0.2744186046511628,0.0,0.27441860465116275,0.2744186046511628
q037,2,0.07191659983961508,1.0,0.0,0.2620689655172414
q038,1,0.2744186046511628,1.0,0.27441860465116275,0.2744186046511628
q039,1,0.2744186046511628,1.0,0.27441860465116275,0.2744186046511628
q040,1,0.2744186046511628,1.0,0.27441860465116275,0.2744186046511628
q041,2,0.07191659983961508,0.6666666666666666,0.0,0.2620689655172414
q042,2,0.07191659983961508,0.6666666666666666,0.0,0.2620689655172414
q043,2,0.07191659983961508,0.0,0.0,0.2620689655172414
q044,1,0.2744186046511628,1.0,0.27441860465116275,0.2744186046511628
q045,1,0.2744186046511628,0.3333333333333333,0.27441860465116275,0.2744186046511628
q046,2,0.07191659983961508,1.0,0.0,0.2620689655172414
q047,2,0.07191659983961508,0.6666666666666666,0.0,0.2620689655172414
q048,2,0.07191659983961508,0.0,0.0,0.2620689655172414
q049,2,0.07191659983961508,0.3333333333333333,0.0,0.2620689655172414
q050,1,0.2744186046511628,1.0,0.27441860465116275,0.2744186046511628
q051,1,0.2744186046511628,0.3333333333333333,0.27441860465116275,0.2744186046511628
q052,2,0.07191659983961508,0.0,0.0,0.2620689655172414
q053,3,0.017359179271631227,1.0,0.0,0.2413793103448276
q054,1,0.2744186046511628,0.0,0.27441860465116275,0.2744186046511628
q055,2,0.07191659983961508,0.3333333333333333,0.0,0.2620689655172414
q056,2,0.07191659983961508,0.0,0.0,0.2620689655172414
q057,2,0.07191659983961508,0.0,0.0,0.2620689655172414
q058,3,0.017359179271631227,0.6666666666666666,0.0,0.2413793103448276
q059,3,0.017359179271631227,0.6666666666666666,0.0,0.2413793103448276
